frequency_Hz,comfort_peak_sprung_mass_displacement_m,comfort_rms_sprung_mass_acceleration_mps2,comfort_peak_suspension_deflection_m,comfort_peak_tyre_deflection_m,comfort_normalised_peak_sprung_mass_displacement,comfort_normalised_peak_suspension_deflection,comfort_normalised_peak_tyre_deflection,rally_peak_sprung_mass_displacement_m,rally_rms_sprung_mass_acceleration_mps2,rally_peak_suspension_deflection_m,rally_peak_tyre_deflection_m,rally_normalised_peak_sprung_mass_displacement,rally_normalised_peak_suspension_deflection,rally_normalised_peak_tyre_deflection,track_peak_sprung_mass_displacement_m,track_rms_sprung_mass_acceleration_mps2,track_peak_suspension_deflection_m,track_peak_tyre_deflection_m,track_normalised_peak_sprung_mass_displacement,track_normalised_peak_suspension_deflection,track_normalised_peak_tyre_deflection
0.5,0.0248184478980696,0.173204577526441,0.00459283317782304,0.000395378357131023,1.24092239490348,0.229641658891152,0.0197689178565512,0.0228139001994819,0.159215111356299,0.00253312628208002,0.000366673526486308,1.1406950099741,0.126656314104001,0.0183336763243154,0.0218379797644931,0.152404295170859,0.00152487457883771,0.000352691481363822,1.09189898822466,0.0762437289418856,0.0176345740681911
0.541772151898734,0.0258104940006126,0.211482488045598,0.00557906658164139,0.000481021039788219,1.29052470003063,0.278953329082069,0.0240510519894109,0.0233451367965372,0.19128218209924,0.00302770042004585,0.000439581530847104,1.16725683982686,0.151385021002293,0.0219790765423552,0.0221747671637213,0.181692567817737,0.00181041462316243,0.000419894665495174,1.10873835818606,0.0905207311581216,0.0209947332747587
0.583544303797468,0.0269376539056883,0.256066152395707,0.00671817817746498,0.000580207734968486,1.34688269528442,0.335908908873249,0.0290103867484243,0.0239328332975006,0.227502683042666,0.00358127041680244,0.000521634139466564,1.19664166487503,0.179063520840122,0.0260817069733282,0.0225442379056024,0.21430285946179,0.00212591225059318,0.00049453734756695,1.12721189528012,0.106295612529659,0.0247268673783475
0.625316455696203,0.0282133886960528,0.307963825906849,0.00803272511206776,0.000694999847331051,1.41066943480264,0.401636255603388,0.0347499923665525,0.0245800185930536,0.268303699648717,0.004198953937819,0.000613718998688888,1.22900092965268,0.20994769689095,0.0306859499344444,0.022947706545574,0.250486163845725,0.00247316788267529,0.000577148284266304,1.1473853272787,0.123658394133765,0.0288574142133152
0.667088607594937,0.0296505908714074,0.368336823997023,0.00954837108622306,0.000827756271125383,1.48252954357037,0.477418554311153,0.0413878135562691,0.0252897138559515,0.31416348233645,0.00488642348359842,0.000716827960199008,1.26448569279758,0.244321174179921,0.0358413980099504,0.0233865657401333,0.290521473459913,0.0028541725437652,0.000668315011782622,1.16932828700667,0.14270862718826,0.0334157505891311
0.708860759493671,0.0312594149308686,0.438477644023595,0.0112931537736844,0.000981076093126386,1.56297074654343,0.564657688684219,0.0490538046563193,0.0260647620973691,0.36561194448985,0.00564988245156343,0.000832056786403847,1.30323810486846,0.282494122578171,0.0416028393201923,0.023862268882402,0.334717443168807,0.00327111540181938,0.000768687172054751,1.1931134441201,0.163555770090969,0.0384343586027375
0.750632911392405,0.0330434503837303,0.51973903161034,0.0132955143633748,0.00115763346506045,1.65217251918651,0.66477571816874,0.0578816732530223,0.0269075767301019,0.423228134782495,0.00649599364613861,0.000960598000231236,1.34537883650509,0.32479968230693,0.0480299000115618,0.0243763047672318,0.383413865284408,0.00372638861575658,0.000878979364311877,1.21881523836159,0.186319430787829,0.0439489682155938
0.792405063291139,0.0349933770584742,0.613373599108133,0.0155801303011372,0.0013598189766825,1.74966885292371,0.779006515056862,0.0679909488341252,0.0278197798369952,0.487632801386949,0.00743173419504599,0.00110372277870563,1.39098899184976,0.371586709752299,0.0551861389352815,0.0249301616595034,0.436982774137087,0.0042225878251068,0.000999973114996622,1.24650808297517,0.21112939125534,0.0499986557498311
0.834177215189873,0.0370772102866753,0.720225403549116,0.0181602006145497,0.00158906537247796,1.85386051433376,0.908010030727485,0.0794532686238981,0.0288016943339056,0.559473373647809,0.00846414079859674,0.00126274610841859,1.44008471669528,0.423207039929837,0.0631373054209294,0.0255252774362811,0.495828922945034,0.00476250599778266,0.00113251739480601,1.27626387181406,0.238125299889133,0.0566258697403005
0.875949367088608,0.0392269173123513,0.840208218370079,0.0210247668809858,0.00184472613536222,1.96134586561757,1.05123834404929,0.0922363067681111,0.0298516497539931,0.639397719058406,0.00959989752077083,0.0014389673925471,1.49258248769965,0.479994876038542,0.0719483696273552,0.0261629716431918,0.560389275979928,0.00534911754703832,0.00127752689458385,1.30814858215959,0.267455877351916,0.0638763447291927
0.917721518987342,0.0413235428796471,0.971547678089307,0.0241208243018453,0.00212247410127766,2.06617714398236,1.20604121509226,0.106123705063883,0.0309650631077277,0.728012001580311,0.010844706837829,0.00163357658442058,1.54825315538638,0.542235341891452,0.0816788292210288,0.0268443543672734,0.631131029381714,0.00598554860704042,0.00143597699126025,1.34221771836367,0.299277430352021,0.0717988495630123
0.959493670886076,0.0431880239264427,1.1099215940192,0.0273339007577571,0.00241253071932281,2.15940119632213,1.36669503788785,0.120626535966141,0.0321332715594024,0.825817176794395,0.0122023780109419,0.00184751440618624,1.60666357797012,0.610118900547097,0.0923757203093119,0.0275702058419425,0.708547510014468,0.00667502809800942,0.00160889398215292,1.37851029209713,0.333751404900471,0.0804446991076458
1.00126582278481,0.0445914159202739,1.24794310568685,0.0304781546881868,0.00269869514961244,2.22957079601369,1.52390773440934,0.134934757480622,0.0333421340410521,0.933118750474568,0.0136735741348202,0.00208127569964604,1.6671067020526,0.683678706741009,0.104063784982302,0.0283408197922907,0.793151101829497,0.00742081272687399,0.00179733873849039,1.41704098961454,0.3710406363437,0.0898669369245196
1.04303797468354,0.0452989524914755,1.37572978200109,0.0333135232041896,0.00295974350334768,2.26494762457377,1.66567616020948,0.147987175167384,0.0345704995111521,1.04990652410994,0.0152541956178159,0.00233464988190406,1.72852497555761,0.762709780890793,0.116732494095203,0.0291558029381759,0.885462118086544,0.00822607742926323,0.0020023814392702,1.4577901469088,0.411303871463161,0.10011907196351
1.08481012658228,0.0451451416981498,1.48307536376731,0.035600718208393,0.0031742164242703,2.25725708490749,1.78003591041965,0.158710821213515,0.0357887741264702,1.17570678061635,0.016933464130682,0.00260640530212127,1.78943870632351,0.8466732065341,0.130320265106064,0.0300138232020452,0.985992292615733,0.00909376114509056,0.00222506453430087,1.50069116010226,0.454688057254528,0.111253226715043
1.12658227848101,0.044104059395703,1.56260472767216,0.0371768713881601,0.00332714906525585,2.20520296978515,1.858843569408,0.166357453262792,0.0369580071253609,1.30942043545898,0.0186919267272179,0.00289394854215989,1.84790035626804,0.934596336360895,0.144697427107995,0.030912300654659,1.09522134261636,0.0100263565964613,0.00246635063734735,1.54561503273295,0.501317829823065,0.123317531867368
1.16835443037975,0.0423050012488478,1.61207658705636,0.0380069445470568,0.00341478089123598,2.11525006244239,1.90034722735284,0.170739044561799,0.0380301153893612,1.44917756322985,0.0204998242862974,0.00319302605351761,1.90150576946806,1.02499121431487,0.15965130267588,0.0318470390062061,1.21356493164916,0.0110256325421523,0.00272705182729333,1.59235195031031,0.551281627107613,0.136352591364666
1.21012658227848,0.0399797334214438,1.63435439346954,0.0381775226506777,0.00344419966880258,1.99898667107219,1.90887613253389,0.172209983440129,0.0389499717432669,1.59225817673858,0.0223165084088466,0.00349757651939125,1.94749858716335,1.11582542044233,0.174878825969562,0.0328118027561422,1.3413324552933,0.0120922788330814,0.00300773710228678,1.64059013780711,0.604613941654071,0.150386855114339
1.25189873417722,0.0373803380865832,1.63540892882681,0.0378449393686506,0.00342886725825038,1.86901690432916,1.89224696843253,0.171443362912519,0.0396599160820464,1.73514163319942,0.0240917101821967,0.00379986695703235,1.98299580410232,1.20458550910983,0.189993347851618,0.0337978574027778,1.47867356479467,0.0132254699449538,0.0033086158831053,1.68989287013889,0.66127349724769,0.165430794155265
1.29367088607595,0.0347169621906602,1.62193731078848,0.0371771501624014,0.00338348408689203,1.73584810953301,1.85885750812007,0.169174204344601,0.0401066460657498,1.87373726155476,0.0257692616382974,0.00409102098454103,2.00533230328749,1.28846308191487,0.204551049227052,0.0347935086851896,1.62551347666399,0.0144223533502517,0.00362939801472795,1.73967543425948,0.721117667512587,0.181469900736398
1.33544303797468,0.032134000604311,1.59978003693916,0.0363168596898141,0.00332066963046215,1.60670003021555,1.8158429844907,0.166033481523108,0.0402494330816635,2.00380401852378,0.0272932032053034,0.00436194773689114,2.01247165408318,1.36466016026517,0.218097386844557,0.0357837020685711,1.78147915418283,0.0156774869634844,0.00396913523010669,1.78918510342856,0.783874348174219,0.198456761505334
1.37721518987342,0.0297146373487408,1.57332622340054,0.0353689994963331,0.00324978656311938,1.48573186743704,1.76844997481665,0.162489328155969,0.0400675881198848,2.12149272957888,0.0286152003956705,0.00460451893881799,2.00337940599424,1.43076001978353,0.230225946940899,0.036749773741768,1.94582158460737,0.0169822759628214,0.00432605590797117,1.8374886870884,0.849113798141068,0.216302795398559
1.41898734177215,0.0274968368622755,1.54555519242192,0.0344032052622401,0.00317710893658302,1.37484184311378,1.72016026311201,0.158855446829151,0.0395647578949591,2.22387459720375,0.0297013324222444,0.00481269455478625,1.97823789474795,1.48506662111222,0.240634727739313,0.0376694734443818,2.11734355371034,0.0183244922121771,0.00469741399683514,1.88347367221909,0.916224610608854,0.234870699841757
1.46075949367089,0.0254897118548405,1.51833324042294,0.0334618960944627,0.0031065072071357,1.27448559274202,1.67309480472314,0.155325360356785,0.0387684519853827,2.3093014807058,0.030536223856882,0.00498326565416565,1.93842259926913,1.5268111928441,0.249163282708283,0.038517396145491,2.29434695987478,0.0196879935535975,0.00507938287220471,1.92586980727455,0.984399677679874,0.253969143610236
1.50253164556962,0.0236860330611515,1.49274053228848,0.0325686356642664,0.00304017392257091,1.18430165305758,1.62843178321332,0.152008696128545,0.0377249285462296,2.37749942226527,0.0311233911590995,0.00511601131611956,1.88624642731148,1.55616955795497,0.255800565805978,0.0392659473304679,2.47461746623285,0.0210527836299404,0.0054670326601634,1.96329736652339,1.05263918149702,0.27335163300817
1.54430379746835,0.0220704855385297,1.46933933537622,0.0317348005411741,0.00297920885965838,1.10352427692649,1.5867400270587,0.148960442982919,0.0364912347550362,2.4293985978885,0.0314821000497857,0.00521328890456847,1.82456173775181,1.57410500248928,0.260664445228424,0.0398869076618609,2.65546502326725,0.0223955483155823,0.00585443054359179,1.99434538309305,1.11977741577911,0.292721527179589
1.58607594936709,0.0206246243023452,1.44836741126264,0.0309642949345241,0.00292403589909594,1.03123121511726,1.5482147467262,0.146201794954797,0.0351268829385798,2.46679075272616,0.031642152045902,0.00527926398824504,1.75634414692899,1.5821076022951,0.263963199412252,0.0403535478143653,2.83383409687173,0.0236907544778664,0.00623489262305694,2.01767739071826,1.18453772389332,0.311744631152847
1.62784810126582,0.0193296252258917,1.42986793527346,0.0302566656957002,0.00287468026062416,0.966481261294584,1.51283328478501,0.143734013031208,0.0336871677791318,2.49193662446375,0.0316383177164617,0.00531904803008304,1.68435838895659,1.58191588582308,0.265952401504152,0.0406430857695462,3.00648587095212,0.0249122928933965,0.00660139013073285,2.03215428847731,1.24561464466983,0.330069506536642
1.66962025316456,0.0181676834915155,1.41377306278464,0.029609073333129,0.00283094506352739,0.908384174575777,1.48045366665645,0.141547253176369,0.0322190417558172,2.50722186812536,0.0315056997943623,0.00533795462327864,1.61095208779086,1.57528498971812,0.266897731163932,0.040739119796525,3.17023742717564,0.0260355044502615,0.00694707504507399,2.03695598982625,1.30177522251307,0.3473537522537
1.71139240506329,0.0171226299010053,1.39995607407616,0.0290174999568433,0.00279252030912372,0.856131495050264,1.45087499784216,0.139626015456186,0.03075945793202,2.51491098132614,0.0312765938775273,0.00534097637187875,1.537972896601,1.56382969387637,0.267048818593938,0.0406335772937024,3.32222466248727,0.0270392899108536,0.00726585096842996,2.03167886468512,1.35196449554268,0.363292548421498
1.75316455696203,0.01618011767245,1.3882630954959,0.0284774683223777,0.00275904831950638,0.809005883622502,1.42387341611888,0.137952415975319,0.0293355298771528,2.51700477955189,0.0309788212808572,0.00533248944772486,1.46677649385764,1.54894106404286,0.266624472386243,0.0403277537979089,3.46014370570422,0.0279079272287751,0.00755289023940548,2.01638768989544,1.39539636143875,0.377644511970274
1.79493670886076,0.0153275872585239,1.37853188357731,0.0279844555860793,0.00273016183132066,0.766379362926194,1.39922277930397,0.136508091566033,0.0279657417831091,2.51518168160921,0.0306351957028055,0.00531613955817003,1.39828708915545,1.53175978514028,0.265806977908502,0.0398321940599268,3.58242615607435,0.0286322522813936,0.00780500108208708,1.99160970299634,1.43161261406968,0.390250054104354
1.83670886075949,0.0145541268884587,1.37060255833634,0.0275341199887802,0.00270550522993856,0.727706344422936,1.37670599943901,0.135275261496928,0.0266615832645046,2.51079535802352,0.0302637144085034,0.00529484802439771,1.33307916322523,1.51318572042517,0.264742401219886,0.0391654372997587,3.68831802641344,0.02921000073071,0.00802078169726605,1.95827186498793,1.4605000365355,0.401039084863302
1.87848101265823,0.0138502932702664,1.36432339884616,0.0271224148428258,0.00268474555375764,0.692514663513322,1.35612074214129,0.134237277687882,0.0254292029081246,2.50490411030075,0.0298781279329523,0.00527088401455222,1.27146014540623,1.49390639664761,0.263544200727611,0.0383519119333956,3.77785580566356,0.0296453107240188,0.00820055009796077,1.91759559666978,1.48226553620094,0.410027504898038
1.92025316455696,0.0132079262156174,1.35955365576969,0.0267456359349096,0.00266757739978843,0.660396310780869,1.33728179674548,0.133378869989422,0.0242708685907073,2.49831408674777,0.029488648159627,0.0052459642913578,1.21354342953537,1.47443240798135,0.26229821456789,0.0374194248824631,3.85175651841527,0.0299475715734317,0.00834608929290616,1.87097124412315,1.49737857867158,0.417304464645308
1.9620253164557,0.0126199737033279,1.35616459628386,0.0264004306321761,0.0026537242785509,0.630998685166393,1.32002153160881,0.132686213927545,0.0231861562206409,2.49162517526073,0.0291026521918226,0.00522135673391456,1.15930781103205,1.45513260959113,0.261067836695728,0.0363967040499274,3.91125390704395,0.0301299100831213,0.00846027961017063,1.81983520249637,1.50649550415607,0.423013980508532
2.00379746835443,0.0120803344402583,1.35403953125925,0.0260837858779671,0.0026429379759646,0.604016722012917,1.30418929389835,0.13214689879823,0.0221728652306645,2.48527358179343,0.028725310801841,0.00519797515406496,1.10864326153322,1.43626554009205,0.259898757703248,0.0353113436317406,3.95791651429096,0.0302076144016039,0.00854669663762407,1.76556718158703,1.5103807200802,0.427334831881203
2.04556962025316,0.0115837199605284,1.35307328355062,0.0257930054028991,0.00263499686510188,0.579185998026421,1.28965027014495,0.131749843255094,0.021227695139192,2.47956850321577,0.0283601152625567,0.0051764602397393,1.0613847569596,1.41800576312783,0.258823011986965,0.0341883356654642,3.99347737649298,0.0301967280268088,0.00860923897520924,1.70941678327321,1.50983640134044,0.430461948760462
2.0873417721519,0.0111255357759858,1.35317137519856,0.0255256822596572,0.00262970373091086,0.556276788799291,1.27628411298286,0.131485186545543,0.0203467290331784,2.4747222840312,0.0280093013468325,0.00515724565545755,1.01733645165892,1.40046506734163,0.257862282772877,0.0330492135763547,4.0196940340506,0.0301129467970736,0.00865182540703382,1.65246067881773,1.50564733985368,0.432591270351691
2.12911392405063,0.0107017799340956,1.35424909909721,0.0252796702102835,0.00262688343746126,0.535088996704778,1.26398351051418,0.131344171873063,0.0195257687437423,2.47087446137325,0.0276741811633477,0.00514061043538929,0.976288437187113,1.38370905816738,0.257030521769465,0.0319117242991493,4.0382463617174,0.029970857937014,0.00867817653195062,1.59558621495747,1.4985428968507,0.433908826597531
2.17088607594937,0.0103089569187534,1.3562305713692,0.0250530559264675,0.00262638062437032,0.515447845937672,1.25265279632337,0.131319031218516,0.0187605600868472,2.46811053012604,0.0273553977248245,0.00512671965216586,0.938028004342361,1.36776988624123,0.256335982608293,0.0307898937822551,4.05067123335638,0.0297834938801536,0.00869167755649406,1.53949468911275,1.48917469400768,0.434583877824703
2.2126582278481,0.0099440047883586,1.35904781812212,0.0248441330183716,0.00262805753228898,0.49720023941793,1.24220665091858,0.131402876614449,0.0180469387771702,2.46647636348787,0.027053117356459,0.00511565550934198,0.902346938858512,1.35265586782295,0.255782775467099,0.0296943446943085,4.05832813099716,0.029562138850381,0.0086953085734474,1.48471723471543,1.47810694251905,0.43476542867237
2.25443037974684,0.00960423358632139,1.3626399243479,0.0246513783459723,0.00263179200523871,0.480211679316069,1.23256891729862,0.131589600261936,0.0173809203530009,2.46598916842686,0.0267671734410915,0.00510744084169738,0.869046017650043,1.33835867205458,0.255372042084869,0.0286327461966845,4.06238798345041,0.0293163167516902,0.0086916249958927,1.43163730983422,1.46581583758451,0.434581249794635
2.29620253164557,0.0092872732748535,1.36695225716815,0.0244734307405467,0.00263747568689717,0.464363663742675,1.22367153702733,0.131873784344858,0.0167587513685437,2.46664573471506,0.0264971727725476,0.00510205671653461,0.837937568427184,1.32485863862738,0.255102835826731,0.0276103070876809,4.06383773553886,0.0290538951209449,0.0086827715523543,1.38051535438405,1.45269475604725,0.434138577617715
2.3379746835443,0.00899102967708055,1.37193576649501,0.0243090720811623,0.00264501241038628,0.449551483854027,1.21545360405811,0.132250620519314,0.0161769343321164,2.46842860045792,0.0262425735553352,0.00509945551533182,0.80884671660582,1.31212867776676,0.254972775766591,0.0266302545973443,4.06349440110269,0.0287812531881672,0.00867051616252681,1.33151272986722,1.43906265940836,0.43352580812634
2.37974683544304,0.0087136471372681,1.37754636101175,0.024157210575204,0.00265431677159969,0.435682356863405,1.2078605287602,0.132715838579985,0.0156322352592696,2.47131062994109,0.02600274211042,0.00509957058695814,0.78161176296348,1.300137105521,0.254978529347907,0.0256942663457475,4.06202392016395,0.0285034766993992,0.00865629353958739,1.28471331728737,1.42517383496996,0.43281467697937
2.42151898734177,0.0084534768118317,1.38374435464306,0.0240168660480959,0.00266531287143728,0.422673840591585,1.2008433024048,0.133265643571864,0.0151216800538431,2.47525839048111,0.0257769937051465,0.00510232331908358,0.756084002692153,1.28884968525733,0.255116165954179,0.0248028410810272,4.05996160975377,0.0282245550282475,0.00864125162161931,1.24014205405136,1.41122775141238,0.432062581080965
2.46329113924051,0.00820904968067936,1.39049397742285,0.0238871570338932,0.00267793321052195,0.410452484033968,1.19435785169466,0.133896660526098,0.0146425440116192,2.48023462572352,0.025564621615419,0.0051076282760416,0.732127200580959,1.27823108077095,0.25538141380208,0.0239556054744863,4.05773218990123,0.0279475660994304,0.00862629655027516,1.19778027372431,1.39737830497152,0.431314827513758
2.50506329113924,0.00797905351941106,1.39776294427642,0.0237672894620716,0.00269211771984021,0.398952675970553,1.18836447310358,0.13460588599201,0.0141923373747911,2.48620005203531,0.0253649175087825,0.00511539689501667,0.709616868739556,1.26824587543913,0.255769844750834,0.0231515609417112,4.05566824533215,0.0276748417419067,0.00861213382706485,1.15757804708556,1.38374208709533,0.430606691353242
2.54683544303797,0.00776231320006075,1.40552207534272,0.0236565467485912,0.0027078129115241,0.388115660003037,1.18282733742956,0.135390645576205,0.0137687889028216,2.49311464957354,0.0251771854566651,0.00512554011142149,0.688439445141078,1.25885927283325,0.256277005571075,0.0223892777090979,4.05402658461004,0.0274081107492598,0.00859930457396197,1.11946388545489,1.37040553746299,0.429965228698099
2.58860759493671,0.00755777379427058,1.41374496184065,0.0235542811162914,0.00272497113522492,0.377888689713529,1.17771405581457,0.136248556761246,0.0133698287534949,2.50093857734332,0.025000751293342,0.00513797019185889,0.668491437674745,1.2500375646671,0.256898509592945,0.021667044419994,4.05300234176967,0.0271486197531054,0.00858821664296138,1.0833522209997,1.35743098765527,0.429410832148069
2.63037974683544,0.00736448604102422,1.42240767199095,0.0234599059880541,0.00274354992694538,0.368224302051211,1.17299529940271,0.137177496347269,0.0129935715033449,2.50963280939975,0.0248349685954571,0.00515260198299504,0.649678575167246,1.24174842977285,0.257630099149752,0.0209829813990053,4.05274089147947,0.0268972335669711,0.00857917079448578,1.04914906995027,1.34486167834856,0.428958539724289
2.67215189873418,0.00718159381415465,1.43148849205832,0.023372889314317,0.00276351143864041,0.359079690707733,1.16864446571585,0.13817557193202,0.0126382998182885,2.51915956502648,0.0246792222243313,0.00516935373187826,0.631914990914425,1.23396111121657,0.258467686593913,0.0203351248857084,4.05334776816346,0.0266545173760889,0.0085723824095099,1.01675624428542,1.33272586880444,0.428619120475495
2.71392405063291,0.00700832328529208,1.44096769812888,0.0232927477135753,0.00278482193827898,0.350416164264604,1.16463738567876,0.139241096913949,0.0123024490694984,2.52948258740094,0.0245329301263526,0.0051881475936106,0.615122453474918,1.22664650631763,0.25940737968053,0.019721488493589,4.05489683073286,0.0264208033556097,0.00856799929928236,0.986074424679448,1.32104016778048,0.428399964964118
2.75569620253165,0.00684397352789315,1.45082735475861,0.0232190413200551,0.00280745137133597,0.342198676394657,1.16095206600276,0.140372568566798,0.0119845930452167,2.54056731148737,0.0243955439032736,0.00520890991260729,0.599229652260836,1.21977719516368,0.260445495630364,0.0191401070658902,4.05743692476709,0.026196244216525,0.00856611618872866,0.957005353294512,1.30981221082625,0.428305809436433
2.79746835443038,0.0066879083493275,1.46105113710624,0.023151369246645,0.0028313729758355,0.334395417466375,1.15756846233225,0.141568648791775,0.0116834308143833,2.55238095156811,0.0242665485281613,0.00523157134149431,0.584171540719167,1.21332742640807,0.261578567074715,0.0185890671001369,4.0609972813294,0.0259808559479548,0.00856678641434405,0.929453355006844,1.29904279739774,0.428339320717202
2.83924050632911,0.00653954917221668,1.47162417359431,0.0230893655834324,0.00285656294409179,0.326977458610834,1.15446827917162,0.142828147204589,0.0113977747371943,2.56489253107826,0.0241454614819098,0.005256066845123,0.569888736859713,1.20727307409549,0.26280334225615,0.0180665270455381,4.06559186771848,0.0257745517342902,0.00857003131955084,0.903326352276906,1.28872758671451,0.428501565977542
2.88101265822785,0.00639836881459085,1.48253290652379,0.0230326958629226,0.00288300012519446,0.319918440729543,1.15163479314613,0.144150006259723,0.0111265395802244,2.57807287160529,0.0240318315105878,0.00528233562480873,0.556326979011218,1.20159157552939,0.264116781240436,0.0175707300535753,4.07122287741044,0.0255771687268359,0.00857584776510139,0.878536502678765,1.27885843634179,0.42879238825507
2.92278481012658,0.00626388604198903,1.49376496840343,0.0229810539323314,0.00291066576307323,0.313194302099451,1.14905269661657,0.145533288153662,0.0108687326720108,2.59189455356634,0.023925237148688,0.00531032098866732,0.543436633600542,1.1962618574344,0.265516049433366,0.0171000111740064,4.07788351828427,0.0253884890692257,0.00858421410763554,0.855000558700319,1.26942445346129,0.429210705381777
2.96455696202532,0.00613566078423406,1.50530907204884,0.0229341591814138,0.0029395432656607,0.306783039211703,1.14670795907069,0.146977163283035,0.0106234450237863,2.60633185781862,0.0238252851125563,0.00533997018703494,0.531172251189314,1.19126425562782,0.266998509351747,0.0166528005198858,4.08556023208071,0.0252082563265221,0.0085950949403051,0.832640025994292,1.26041281632611,0.429754747015255
3.00632911392405,0.00601328992596192,1.51715491276142,0.0228917540812467,0.00296961800126573,0.300664496298096,1.14458770406234,0.148480900063286,0.0103898433357556,2.6213606950178,0.0237316086381866,0.00537123422682049,0.519492166787779,1.18658043190933,0.268561711341025,0.0162276235570511,4.09423445487451,0.0250361882535468,0.00860844483731452,0.811381177852555,1.25180941267734,0.430422241865726
3.04810126582278,0.00589640359364796,1.5292930811191,0.0228536019953808,0.00300087711878251,0.294820179682398,1.14268009976904,0.150043855939125,0.0101671628094518,2.63695852771274,0.0236438658154026,0.00540406767481254,0.508358140472591,1.18219329077013,0.270203383740627,0.0158230993874761,4.10388400841405,0.0248719866579124,0.00862421129971034,0.791154969373806,1.24359933289562,0.431210564985517
3.08987341772152,0.00578466187331895,1.54171498510261,0.0228194852299337,0.00303330938880366,0.289233093665947,1.14097426149669,0.151665469440183,0.00995470068958546,2.65310428879739,0.0235617379541743,0.00543842845711483,0.497735034479273,1.17808689770871,0.271921422855742,0.0154379376755544,4.1144841953963,0.0247153449643822,0.00864233706242096,0.771896883777718,1.23576724821911,0.432116853121048
3.13164556962025,0.00567775190275005,1.55441278044699,0.0227892032936363,0.00306690506308821,0.283887595137502,1.13946016468181,0.15334525315441,0.00975181046327396,2.66977829891928,0.023484928006902,0.00547427765976833,0.487590523163698,1.1742464003451,0.273713882988416,0.0150709346978547,4.12600865780709,0.0245659539655933,0.00866276189167427,0.753546734892737,1.22829769827967,0.433138094583713
3.17341772151899,0.00557538529003629,1.56737930825124,0.0227625713426603,0.00310165575016589,0.278769264501815,1.13812856713302,0.155082787508295,0.00955789664983676,2.68696218468167,0.0234131590618306,0.00551157933405028,0.477894832491838,1.17065795309153,0.275578966702514,0.0147209688687899,4.13843004600703,0.024423506145694,0.00868542397663972,0.736048443439493,1.2211753072847,0.434271198831986
3.21518987341772,0.00547729581725304,1.58060803900333,0.0227394187883405,0.0031375543051441,0.273864790862652,1.13697093941703,0.156877715257205,0.0093724101199599,2.70463879890904,0.0233461729164814,0.00555030030878313,0.468620505997995,1.16730864582407,0.277515015439157,0.0143869959977843,4.15172053690743,0.0242876988841795,0.00871026099859264,0.719349799889216,1.21438494420898,0.435513049929632
3.25696202531646,0.00538323739369341,1.59409302228453,0.0227195880487344,0.00317459473203102,0.26916186968467,1.13597940243672,0.158729736601551,0.00919484388865077,2.72279214382508,0.023283728735497,0.00559041001113577,0.459742194432539,1.16418643677485,0.279520500556789,0.014068044460689,4.16585223201287,0.0241582367837109,0.00873721094428602,0.703402223034448,1.20791183918555,0.436860547214301
3.29873417721519,0.00529298222806518,1.60782884150994,0.022702933427402,0.00321277209710152,0.264649111403259,1.1351466713701,0.160638604855076,0.00902472933181837,2.74140729768187,0.0232256017941126,0.005631880296779,0.451236466590919,1.16128008970563,0.28159401483895,0.0137632104136917,4.18079745999686,0.0240348333150063,0.00876621271683648,0.688160520684584,1.20174166575031,0.438310635841824
3.34050632911392,0.00520631919318888,1.62181057314208,0.022689320104892,0.00325208245201742,0.260315959659444,1.1344660052446,0.162604122600871,0.00886163278140842,2.76047034515144,0.0231715823062583,0.00567468528980829,0.443081639070421,1.15857911531291,0.283734264490414,0.0134716531374377,4.19652900355827,0.0239172119315212,0.00879720658668914,0.673582656871886,1.19586059657606,0.439860329334457
3.38227848101266,0.00512305236028243,1.63603374988424,0.0226786232302387,0.00329252276557399,0.256152618014121,1.13393116151194,0.164626138278699,0.00870515245873835,2.77996831162557,0.0231214743348002,0.00571880123252628,0.435257622936917,1.15607371674001,0.285940061626314,0.0131925905691123,4.21302026635591,0.0238051067745493,0.00883013451661751,0.659629528455616,1.19025533872747,0.441506725830876
3.42405063291139,0.00504299968294288,1.65049432742008,0.0226707271013476,0.00333409086308395,0.252149984147144,1.13353635506738,0.166704543154197,0.00855491570998857,2.79988910145109,0.0230750947804546,0.0057642063449527,0.427745785499428,1.15375473902273,0.288210317247635,0.0129252950582671,4.23024539264925,0.0236982630638973,0.00886494038782587,0.646264752913357,1.18491315319486,0.443247019391294
3.46582278481013,0.00496599181352445,1.66518865431872,0.0226655244245102,0.00337678537253109,0.248299590676222,1.13327622122551,0.168839268626554,0.0084105765117145,2.82022144004437,0.0230322724453124,0.00581088069377504,0.420528825585725,1.15161362226562,0.290544034688752,0.0126690893662119,4.24817934973466,0.0235964372490912,0.00890157014871487,0.633454468310593,1.17982186245456,0.445078507435744
3.50759493670886,0.00489187103683288,1.68011344476984,0.0226629156444691,0.00342060567673118,0.244593551841644,1.13314578222346,0.171030283836559,0.00827181321776341,2.84095481977113,0.022992847166594,0.00585880607035202,0.41359066088817,1.1496423583297,0.292940303517601,0.0124233429173396,4.26679798123252,0.0234993969800594,0.00893997190347075,0.621167145866979,1.17496984900297,0.446998595173537
3.54936708860759,0.00482049030796465,1.69526575385298,0.0226628083374847,0.00346555187082974,0.241024515398233,1.13314041687423,0.173277593541487,0.00813832652213393,2.86207944943932,0.0229566690161272,0.00590796587731893,0.406916326106697,1.14783345080636,0.295398293865947,0.0121874683026712,4.28607803765313,0.0234069209435568,0.00898009595412444,0.609373415133558,1.17034604717784,0.449004797706222
3.59113924050633,0.0047517123827636,1.71064295507978,0.0226651166607429,0.00351162472454662,0.23758561913818,1.13325583303715,0.175581236227331,0.00800983761513197,2.88358620722945,0.0229235975610527,0.00595834502330891,0.400491880756598,1.14617987805264,0.297917251165446,0.011960918030321,4.30599718936591,0.0233187986015585,0.00902189480692055,0.598045901516049,1.16593993007792,0.451094740346028
3.63291139240506,0.00468540903078691,1.72624271997799,0.0226697608522285,0.00355882564864715,0.234270451539346,1.13348804261142,0.177941282432358,0.00788608651268408,2.90546659687279,0.0228935011813695,0.00600992982529005,0.394304325634204,1.14467505906847,0.300496491264503,0.0117431815138581,4.32653402605346,0.023234829859903,0.00906532315159519,0.587159075692907,1.16174149299515,0.45326615757976
3.6746835443038,0.00462146032190026,1.74206299951259,0.0226766667758618,0.00360715666518168,0.231073016095013,1.13383333879309,0.180357833259084,0.0077668305408979,2.92771270688291,0.0228662564400997,0.00606270791801798,0.388341527044895,1.14331282200498,0.303135395900899,0.0115337822871668,4.34766804589708,0.0231548246891829,0.00911033782037271,0.57668911435834,1.15774123445914,0.455516891018635
3.71645569620253,0.00455975397868578,1.75810200716219,0.022685765507296,0.00365662038108849,0.227987698934289,1.1342882753648,0.182831019054425,0.00765184295993606,2.9503171726451,0.0228417475020609,0.00611666817011373,0.382592147996803,1.14208737510304,0.305833408505687,0.011332275433031,4.36937963707177,0.0230786027149127,0.00915689773206248,0.566613771651552,1.15393013574564,0.457844886603124
3.75822784810127,0.00450018478777112,1.77435820348942,0.0226969929562876,0.00370721996480285,0.225009239388556,1.13484964781438,0.185360998240143,0.00754091171302341,2.97327314117241,0.0228198655974636,0.00617180060629359,0.377045585651171,1.14099327987318,0.30859003031468,0.0111382452120039,4.39165005359355,0.0230059927900799,0.00920496382549661,0.556912260600197,1.150299639504,0.460248191274831
3.8,0.00444265406399173,1.79083028206152,0.0227102895220111,0.00375895912555627,0.222132703199587,1.13551447610056,0.187947956277814,0.00743383828796032,2.99657423834306,0.0228005085267928,0.00622809633529891,0.371691914398016,1.14002542633964,0.311404816764945,0.0109513028779627,4.41446138713349,0.0229368325600877,0.00925449898563886,0.547565143898136,1.14684162800438,0.462724949281943
